Sex,year,date,all_2534,HS_2534,SC_2534,BAp_2534,BAo_2534,GD_2534,White_2534,Black_2534,Hisp_2534,NE_2534,MA_2534,Midwest_2534,South_2534,Mountain_2534,Pacific_2534,poor_2534,mid_2534,rich_2534,all_3544,HS_3544,SC_3544,BAp_3544,BAo_3544,GD_3544,White_3544,Black_3544,Hisp_3544,NE_3544,MA_3544,Midwest_3544,South_3544,Mountain_3544,Pacific_3544,poor_3544,mid_3544,rich_3544,all_4554,HS_4554,SC_4554,BAp_4554,BAo_4554,GD_4554,White_4554,Black_4554,Hisp_4554,NE_4554,MA_4554,Midwest_4554,South_4554,Mountain_4554,Pacific_4554,poor_4554,mid_4554,rich_4554,work_2534,nowork_2534,work_HS_2534,work_SC_2534,work_BAp_2534,work_BAo_2534,work_GD_2534,nowork_HS_2534,nowork_SC_2534,nowork_BAp_2534,nowork_BAo_2534,nowork_GD_2534,work_White_2534,work_Black_2534,work_Hisp_2534,nowork_White_2534,nowork_Black_2534,nowork_Hisp_2534,work_poor_2534,work_mid_2534,work_rich_2534,nowork_poor_2534,nowork_mid_2534,nowork_rich_2534,nokids_all_2534,kids_all_2534,nokids_HS_2534,nokids_SC_2534,nokids_BAp_2534,nokids_BAo_2534,nokids_GD_2534,kids_HS_2534,kids_SC_2534,kids_BAp_2534,kids_BAo_2534,kids_GD_2534,nokids_poor_2534,nokids_mid_2534,nokids_rich_2534,kids_poor_2534,kids_mid_2534,kids_rich_2534
Men,1960,1/1/1960,0.162455234,0.150065379,0.184480386,0.224780291,0.224780291,,0.15461842,0.203807939,0.178167214,0.190510575,0.203524614,0.150400157,0.143326326,0.125360482,0.172399747,0.169126753,0.098531112,0.283227633,0.082434787,0.086304301,0.062418627,0.091064273,0.091064273,,0.07871712,0.110438269,0.088312828,0.096978954,0.102366794,0.083146776,0.070431713,0.059918556,0.076612533,0.120016019,0.051668204,0.106252748,0.074230624,0.076661185,0.05617047,0.082534829,0.082534829,,0.072499209,0.079972906,0.076270021,0.092957416,0.088654366,0.076218882,0.061542831,0.055110698,0.072058914,0.119229809,0.04667209,0.082804376,0.117082186,0.266671532,0.106181072,0.132813998,0.173868592,0.173868592,,0.240153223,0.359544553,0.346075003,0.346075003,,0.113648602,0.140783576,0.114037575,0.262163816,0.270410189,0.274401554,0.108466926,0.072673467,0.214692193,0.233630527,0.183452514,0.481089365,0.495321066,0.001965039,0.478535971,0.522494148,0.557714775,0.557714775,,0.002346439,0.001115998,0.000238772,0.000238772,,0.524838011,0.433499352,0.529459218,0.004020248,0.001163337,0.001543276
Men,1970,1/1/1970,0.155409271,0.141223062,0.172320956,0.199076819,0.199076819,,0.147260998,0.20853565,0.148889698,0.181185185,0.19309104,0.141013692,0.137847798,0.12907117,0.178545591,0.190204883,0.09848081,0.234564764,0.078710392,0.081428089,0.067606213,0.084917292,0.084917292,,0.073514778,0.121832451,0.072495791,0.095610295,0.102066465,0.071854933,0.070849528,0.053674649,0.079278859,0.125162379,0.051424801,0.082005132,0.064728581,0.068633812,0.048605756,0.06414956,0.06414956,,0.061912787,0.091937249,0.058371041,0.079137775,0.080268799,0.064624723,0.056595431,0.043171806,0.057735236,0.120549466,0.040574389,0.056685496,0.112430144,0.277916108,0.101039251,0.125607325,0.149805571,0.149805571,,0.252216235,0.339283243,0.296581304,0.296581304,,0.107939943,0.1495991,0.104134763,0.273731096,0.299028078,0.233377135,0.127483489,0.078246874,0.173622335,0.27946338,0.183232498,0.433020908,0.44182159,0.003092397,0.442948054,0.440291563,0.440525328,0.440525328,,0.004270388,0.00091759,0.000385981,0.000385981,,0.520404022,0.369807016,0.459472965,0.006932626,0.001739975,0.001929704
Men,1980,1/1/1980,0.237300239,0.208149955,0.256439282,0.28341618,0.28341618,,0.223512681,0.333648753,0.220328725,0.282122619,0.289667964,0.217214975,0.201409438,0.217817452,0.286321061,0.351288925,0.173980366,0.249909361,0.077162887,0.077916169,0.071132073,0.087031884,0.087031884,,0.069594431,0.134633088,0.087079394,0.087739669,0.103853248,0.067525884,0.065602675,0.059703369,0.092515944,0.14270404,0.053261158,0.058863368,0.059457552,0.061868573,0.051076735,0.064092392,0.064092392,,0.054995921,0.095520723,0.066299318,0.073676587,0.080146104,0.056146709,0.050746201,0.04010103,0.061122376,0.121826,0.038242435,0.039517191,0.187159088,0.343071914,0.154526861,0.206870568,0.22946777,0.22946777,,0.298895949,0.390444324,0.406105458,0.406105458,,0.179587454,0.253672812,0.174262291,0.331328056,0.42281923,0.28315952,0.301851637,0.155588971,0.181658394,0.392111221,0.231177294,0.452540698,0.468041165,0.006422215,0.459905498,0.473112589,0.475600333,0.475600333,,0.008426836,0.004841266,0.002045034,0.002045034,,0.587701545,0.406656952,0.436318823,0.018501971,0.003669058,0.002136578
Men,1990,1/1/1990,0.349194962,0.33946795,0.332920361,0.390247005,0.403327303,0.353039461,0.32144755,0.506135965,0.346432447,0.405162026,0.415316298,0.324659618,0.310660651,0.30933157,0.395984072,0.468159605,0.281082606,0.362813977,0.126991449,0.138101943,0.112977218,0.126176357,0.131900918,0.117548222,0.114130865,0.224495719,0.132872603,0.142997071,0.156927855,0.113433817,0.108875541,0.111342591,0.156086092,0.228688567,0.095498004,0.087889592,0.064975342,0.072057995,0.051037255,0.064184876,0.063698279,0.064718001,0.057959678,0.117916374,0.078737574,0.074636682,0.08720203,0.058316602,0.055439224,0.052012511,0.075037425,0.133072659,0.043571534,0.038647416,0.295174537,0.461304917,0.27070816,0.28440766,0.348664027,0.361575139,0.309660178,0.442924786,0.46252511,0.525317616,0.548301886,0.470959283,0.278957239,0.411225575,0.298589386,0.433472605,0.604935731,0.403205526,0.441293451,0.25480427,0.286000097,0.490573052,0.366920687,0.559985527,0.575367362,0.025429089,0.582063634,0.560598372,0.579806363,0.592613795,0.541829728,0.036455813,0.017414927,0.00696266,0.00794887,0.004377092,0.675805355,0.534998809,0.535760967,0.069201375,0.015199581,0.008945653
Men,2000,1/1/2000,0.391913017,0.37971282,0.377860734,0.429048455,0.443400073,0.388785051,0.369256404,0.502686537,0.365679968,0.463292225,0.465693379,0.379297641,0.351226452,0.357330805,0.428664957,0.542729365,0.341773425,0.338113299,0.178445151,0.19914259,0.161129164,0.160500049,0.169392904,0.144699017,0.160581374,0.295844021,0.175073089,0.195581064,0.208489719,0.167079424,0.161569156,0.163651113,0.204718895,0.315243881,0.141099415,0.11291785,0.096804194,0.112857385,0.085864228,0.086494716,0.092685337,0.078085998,0.087660319,0.17162581,0.099643961,0.10876888,0.118262733,0.090960611,0.083858715,0.090657699,0.113196708,0.200361939,0.069699877,0.047402011,0.350518317,0.477151166,0.331698987,0.336463277,0.391326401,0.405839636,0.347281004,0.447889131,0.491841194,0.54718006,0.571539124,0.492848366,0.331604627,0.452139148,0.342413613,0.47890563,0.560107345,0.393259707,0.528627065,0.321256637,0.295002621,0.554827614,0.408523883,0.441536167,0.597657841,0.057820654,0.592254624,0.600117298,0.603265085,0.620289102,0.554748737,0.079918992,0.047297978,0.019472247,0.021759254,0.013285706,0.722435391,0.586712968,0.486689787,0.142259765,0.041290334,0.020636444
Men,2001,1/1/2001,0.399740178,0.393164282,0.385154379,0.42551368,0.442640023,0.378938346,0.375995953,0.536854381,0.379711894,0.481012686,0.477236745,0.379986691,0.360026059,0.357624325,0.439471997,0.560838123,0.359708116,0.317853725,0.17693747,0.195071674,0.162341271,0.160999061,0.167150322,0.149675722,0.162176197,0.297441101,0.163357302,0.18448767,0.203694048,0.167130549,0.15855096,0.167462955,0.207899868,0.326818414,0.14609992,0.088538089,0.094608352,0.105503401,0.085666124,0.088823991,0.094650685,0.080457717,0.085891744,0.167651337,0.097731367,0.104526874,0.114193615,0.090005843,0.083619443,0.08381691,0.109376449,0.199325976,0.072446769,0.032352287,0.361273091,0.49867934,0.349775555,0.346963089,0.392564216,0.407597518,0.348806879,0.484466302,0.499207509,0.528503609,0.560779099,0.456642417,0.341222356,0.491863875,0.349113667,0.478582283,0.620138544,0.451360289,0.538259437,0.342857991,0.282485321,0.585036121,0.418838728,0.466013097,0.621630141,0.055467563,0.64017392,0.61563467,0.602882588,0.624308313,0.543802879,0.076408081,0.046410829,0.019473822,0.02164001,0.013764715,0.735369137,0.609036355,0.510359302,0.137530433,0.042096444,0.024350704
Men,2002,1/1/2002,0.396964685,0.395470033,0.381423817,0.415280952,0.429555278,0.376287101,0.372148565,0.534875856,0.379527083,0.456960824,0.471939154,0.380930141,0.363869104,0.350178551,0.431188818,0.554793057,0.359645179,0.313441403,0.180454775,0.194247834,0.170652999,0.167592777,0.175753265,0.152254044,0.16441046,0.28803063,0.184441063,0.211346054,0.208846793,0.171935629,0.159272042,0.161987709,0.210672571,0.325724393,0.15325937,0.089023324,0.101136741,0.112007424,0.094824689,0.092725386,0.097631729,0.085582537,0.093297296,0.182648729,0.088188902,0.116672711,0.122775143,0.096435403,0.087786943,0.083500164,0.12059477,0.214419687,0.07713152,0.034921387,0.357179898,0.489612361,0.356549888,0.341194915,0.374328752,0.387021097,0.338212333,0.470724436,0.489893393,0.528649307,0.552257451,0.47082758,0.334011301,0.485720942,0.349406283,0.471559116,0.618900329,0.446099247,0.532703927,0.342324182,0.277012118,0.576120924,0.41280677,0.458259148,0.620960049,0.05581993,0.644726672,0.611915901,0.597402637,0.613921994,0.551425447,0.076435455,0.050526973,0.016131694,0.018990232,0.00863183,0.735446958,0.608334943,0.511556375,0.147034911,0.04065288,0.019092692
Men,2003,1/1/2003,0.407329746,0.403300096,0.394663245,0.426582492,0.447879055,0.366576779,0.380288457,0.556734227,0.386226525,0.467259608,0.500619884,0.392125501,0.36611665,0.355502323,0.448020119,0.571418098,0.371776046,0.314335599,0.180870017,0.195576864,0.17307396,0.165089413,0.174220933,0.148494811,0.164068093,0.305985035,0.167907351,0.200396233,0.213431882,0.169803014,0.164712174,0.154266278,0.20620232,0.324676833,0.153965827,0.088486167,0.104794237,0.117391811,0.097735898,0.094476701,0.103858638,0.080864916,0.095124375,0.188358846,0.102918527,0.108641543,0.127691361,0.096553482,0.09439799,0.091070879,0.123446536,0.224318758,0.080089705,0.034318073,0.365899948,0.504418251,0.359402741,0.348546511,0.392125454,0.414352286,0.324805661,0.487632917,0.516041988,0.527413103,0.553564555,0.467003108,0.343411911,0.482965256,0.361346483,0.478612015,0.670122301,0.44382828,0.543765947,0.356507733,0.275836898,0.597285681,0.420745179,0.464262324,0.629798488,0.060004312,0.65067879,0.623741784,0.607925768,0.627214101,0.549993296,0.079273849,0.056096579,0.02248956,0.026193044,0.013380113,0.749086985,0.618095983,0.511294632,0.144776437,0.04962232,0.020295646
Men,2004,1/1/2004,0.410666674,0.411501021,0.39420297,0.42607306,0.447594979,0.368690957,0.384354092,0.566588808,0.392210014,0.501443042,0.494711912,0.393987982,0.370884911,0.366630254,0.448724581,0.568108211,0.376527529,0.318145788,0.187378008,0.207814067,0.173799496,0.168449042,0.180802866,0.145811762,0.169316127,0.302972226,0.187688976,0.209806766,0.213796001,0.17083359,0.174413495,0.180802044,0.20994891,0.343096751,0.158468011,0.088201503,0.10895909,0.120770514,0.098568149,0.102278459,0.109322407,0.091415778,0.099906819,0.193309016,0.100783864,0.121484085,0.127506421,0.105187767,0.09473067,0.104311719,0.127311551,0.227238253,0.086085658,0.035769249,0.370094605,0.50348336,0.368663348,0.353478888,0.388467845,0.410897195,0.325698517,0.490700084,0.500093961,0.534598543,0.559089185,0.477502899,0.347587422,0.507883371,0.36830829,0.477980178,0.658441895,0.44801809,0.551823891,0.359811145,0.275813008,0.583382534,0.428142106,0.479944682,0.631764823,0.064330123,0.652846497,0.630288387,0.605647867,0.626280328,0.547513222,0.090142245,0.051255848,0.025622122,0.029325023,0.016852518,0.738992377,0.621681227,0.519876506,0.156383316,0.050979074,0.024793118
Men,2005,1/1/2005,0.423207171,0.430145922,0.408744151,0.427055891,0.450246533,0.363342147,0.398222338,0.566881319,0.403624332,0.497328562,0.509783292,0.407957575,0.385847654,0.386340286,0.454430187,0.58415093,0.39060141,0.326089004,0.188733623,0.210310162,0.177923827,0.165810059,0.178241709,0.143466662,0.173165182,0.303663879,0.182925694,0.206487369,0.217950672,0.174050958,0.172117607,0.181729019,0.21690749,0.342035074,0.163020594,0.0865277,0.11593673,0.131328164,0.106881838,0.102260495,0.109737391,0.091020781,0.106272571,0.199817584,0.110514987,0.120331978,0.136120511,0.111328486,0.105114942,0.106608897,0.131425439,0.2456834,0.090880338,0.035211332,0.379477441,0.521655036,0.376170835,0.368330452,0.395554038,0.417308334,0.33197439,0.526733317,0.514607493,0.518035651,0.551684943,0.439997635,0.357704056,0.50975856,0.37364027,0.501758716,0.653293293,0.470197736,0.562674304,0.372619333,0.280380468,0.603513454,0.44598935,0.494594413,0.641291614,0.070424218,0.665361206,0.641495146,0.607899445,0.631419909,0.539746343,0.100479073,0.057540163,0.021581937,0.024957923,0.013313066,0.750873517,0.6296566,0.531519817,0.174229807,0.057616021,0.021771151
Men,2006,1/1/2006,0.465537599,0.481784448,0.443697633,0.459119279,0.479152233,0.403085413,0.434208611,0.626639026,0.448673806,0.535545901,0.545334633,0.441284783,0.43458625,0.423388681,0.504679327,0.602822186,0.41372181,0.431817567,0.215135956,0.251299715,0.194755153,0.175839348,0.187435256,0.154896853,0.1927604,0.356275616,0.211226551,0.241217108,0.251172552,0.202947966,0.196855536,0.197431236,0.240165406,0.35359105,0.175135381,0.153750401,0.13607668,0.161624637,0.120370159,0.11130046,0.119618149,0.09825038,0.122717527,0.244421712,0.131105583,0.153109911,0.160819674,0.128631339,0.123452403,0.126115659,0.152024328,0.262322764,0.099146713,0.082708984,0.415032804,0.570020605,0.418900066,0.400859496,0.42359106,0.443174909,0.366275967,0.582434499,0.548048628,0.56255232,0.588897442,0.497630196,0.388516613,0.54957175,0.417964432,0.54262203,0.715271029,0.516482801,0.578668074,0.391907157,0.343856981,0.627766464,0.481128374,0.616678481,0.666898975,0.077646071,0.688264886,0.658701112,0.639175609,0.659425813,0.580222491,0.108941379,0.063588951,0.026650844,0.030397623,0.017102746,0.757396876,0.642782502,0.613883112,0.188768241,0.060444477,0.023534569
Men,2007,1/1/2007,0.477148872,0.49405234,0.461619937,0.463117962,0.487877729,0.394979708,0.4462286,0.641036661,0.456701148,0.545722707,0.55382608,0.456121043,0.44809376,0.43254663,0.51323348,0.618274705,0.41583461,0.443881539,0.218490343,0.255883842,0.199145758,0.177887501,0.191429408,0.15291712,0.193944094,0.354254249,0.225940731,0.232916187,0.250646284,0.205381878,0.200467284,0.213610911,0.246207382,0.363607893,0.178636669,0.152667871,0.139036815,0.163670204,0.124416816,0.113783361,0.123464371,0.098252727,0.12412328,0.254996681,0.134421881,0.148361845,0.161818884,0.131484963,0.127571226,0.127435837,0.157402007,0.267804285,0.101937815,0.084223389,0.424125805,0.58465358,0.426545289,0.414336964,0.430367398,0.453166379,0.363456327,0.599581037,0.573696451,0.557301053,0.594566053,0.471230944,0.398634385,0.554554101,0.425564338,0.555538344,0.741823338,0.525002097,0.594774245,0.390929352,0.353301854,0.643908911,0.491358815,0.627634835,0.681733794,0.082047173,0.705724341,0.682897478,0.641412368,0.66433054,0.574391459,0.112105345,0.07322766,0.027145861,0.031717826,0.016227721,0.775867347,0.652340857,0.624517776,0.191428959,0.061155801,0.030958356
Men,2008,1/1/2008,0.491055797,0.509858484,0.478350178,0.473916636,0.500064351,0.401475165,0.458493301,0.645825069,0.480974559,0.564393768,0.570839865,0.468301805,0.456630643,0.460349454,0.530112232,0.64142816,0.430316485,0.455909607,0.224386468,0.266318214,0.206590864,0.17956761,0.191859966,0.157151306,0.19722216,0.368253197,0.234086817,0.229469348,0.261485819,0.208276323,0.203133709,0.221934854,0.260750926,0.370800279,0.185620792,0.155358036,0.148460773,0.178946707,0.131140606,0.118893521,0.129514904,0.101624145,0.132769671,0.270798434,0.142900373,0.155635401,0.179059204,0.140190455,0.135337625,0.141169923,0.163688903,0.282440525,0.109651014,0.088280337,0.437520141,0.628785383,0.440276827,0.43404022,0.437579032,0.464511267,0.360887732,0.634814981,0.61535512,0.629579519,0.658372805,0.558390623,0.410463343,0.56924079,0.445111367,0.602490098,0.754242624,0.575898342,0.619811804,0.403374579,0.365089032,0.668841901,0.542980929,0.681512925,0.6938533,0.088148552,0.716399325,0.697868376,0.654683273,0.681012968,0.578174396,0.124578403,0.078465143,0.027147136,0.032809048,0.013144921,0.791183368,0.665426932,0.63570487,0.216686102,0.065368851,0.030042479
Men,2009,1/1/2009,0.514548589,0.535954478,0.500170552,0.496657634,0.526263453,0.414529926,0.481377258,0.665879167,0.50711815,0.577598653,0.594811204,0.502744703,0.47677001,0.474612534,0.552406801,0.651931033,0.468790398,0.468573484,0.228925242,0.27855486,0.209376088,0.174791976,0.186926895,0.153475521,0.200847037,0.376714145,0.240091271,0.238769815,0.26815066,0.211852161,0.211473718,0.220075209,0.258228098,0.386875543,0.187239632,0.154129878,0.15355426,0.185293138,0.139253025,0.117139091,0.124808772,0.104632084,0.135670174,0.28186122,0.153851397,0.155435846,0.177208425,0.143741096,0.142832532,0.145500661,0.173549884,0.295116358,0.112289849,0.093015678,0.457157317,0.633159325,0.463123667,0.448866922,0.458526454,0.488587227,0.374381665,0.635285667,0.624870475,0.639133742,0.668642974,0.559958683,0.429924542,0.584729894,0.468364324,0.60732364,0.758784252,0.582864885,0.633675788,0.441934486,0.368710959,0.66839444,0.556104063,0.69202381,0.712180353,0.095718975,0.744326894,0.707174033,0.671204943,0.697263286,0.593489917,0.133109295,0.089650806,0.029931782,0.035665566,0.016681307,0.807016912,0.695138797,0.644141433,0.222786085,0.074652321,0.031016987
Men,2010,1/1/2010,0.523711212,0.547987737,0.50844198,0.502879896,0.531443537,0.425512516,0.491109934,0.67551205,0.513769862,0.598497721,0.598259307,0.505679764,0.496166018,0.468655814,0.555076993,0.662610131,0.475097616,0.478376404,0.233811338,0.282825108,0.217912436,0.177818626,0.193380888,0.15017107,0.202866647,0.383325751,0.247216935,0.247713082,0.272532202,0.219264792,0.218148338,0.214894422,0.260487896,0.386759792,0.195412865,0.152640579,0.158537318,0.19246567,0.141825312,0.119236627,0.129550551,0.102135512,0.139522501,0.289871857,0.159779409,0.17221785,0.18509042,0.149946069,0.146752989,0.147988839,0.17490299,0.297251557,0.123284313,0.089933896,0.464152721,0.634846971,0.473834121,0.456481637,0.460777159,0.489143085,0.383212235,0.640281159,0.616330979,0.647691749,0.678600325,0.56663786,0.436843582,0.591264496,0.474609103,0.607765397,0.759829342,0.587406061,0.651143698,0.449711187,0.371186643,0.671626323,0.549919112,0.702440661,0.714368144,0.099109158,0.7446008,0.712266836,0.673396249,0.700234657,0.59644336,0.140904316,0.091128309,0.030276789,0.035723566,0.017586188,0.809940144,0.692264369,0.651999297,0.223740359,0.080232481,0.032188222
Men,2011,1/1/2011,0.536361584,0.564067847,0.521647486,0.511097027,0.541831493,0.427973935,0.501257444,0.695413641,0.528107653,0.597228042,0.608421276,0.520184281,0.509217432,0.489811161,0.565957524,0.675853677,0.4871016,0.492053288,0.237806634,0.293602276,0.220432218,0.175449657,0.19021154,0.150309673,0.204903886,0.384891264,0.255979564,0.247873157,0.279330521,0.222179917,0.22305453,0.213802986,0.265062736,0.396345033,0.197984743,0.152992982,0.163154545,0.199635587,0.145202915,0.121080172,0.130005609,0.106138487,0.143826022,0.293115235,0.163326168,0.165630909,0.184191951,0.154479248,0.154388786,0.153294498,0.180491154,0.307052548,0.126310879,0.092667004,0.47214965,0.659608909,0.485985281,0.461505444,0.467432958,0.498041071,0.384379126,0.664091879,0.648711412,0.66373829,0.695526364,0.578744292,0.44138092,0.617690949,0.484844918,0.636480956,0.774266129,0.609564247,0.65915343,0.455728388,0.382587263,0.689277014,0.584147261,0.722179601,0.726246797,0.104734219,0.761693827,0.71990494,0.683764198,0.708183164,0.611974625,0.147369591,0.102419851,0.030067077,0.037102775,0.014757303,0.818795396,0.704436124,0.666662115,0.239814681,0.08368864,0.034257801
Men,2012,1/1/2012,0.547199095,0.573685854,0.531713919,0.525877166,0.558182258,0.441757109,0.514680313,0.687588522,0.541941491,0.617957651,0.631109106,0.522749544,0.514979942,0.500736434,0.585786461,0.686924159,0.499677973,0.502350505,0.243212458,0.301249159,0.230547393,0.176079125,0.193059238,0.146821829,0.208631582,0.398028265,0.264692094,0.254063394,0.286368244,0.226957275,0.228485144,0.229988392,0.265542882,0.405535952,0.205942625,0.154864957,0.16283209,0.198208931,0.147038001,0.121745504,0.131056428,0.106462968,0.143927984,0.287029622,0.164398676,0.167265107,0.182599578,0.156360218,0.15150111,0.154652895,0.182822964,0.301499398,0.127046502,0.094263833,0.485995476,0.673387627,0.493765479,0.476658787,0.486702285,0.518771233,0.402170334,0.683576907,0.655600615,0.672332152,0.707911367,0.583773326,0.458040888,0.60738045,0.498930157,0.651415611,0.776722064,0.63147764,0.667805653,0.468906433,0.400206942,0.703715293,0.602694799,0.725626045,0.732289945,0.108765348,0.765117275,0.728164363,0.692886173,0.720446905,0.615873841,0.155860083,0.1001138,0.036479976,0.044527087,0.019242941,0.825191339,0.71068317,0.674714191,0.250936459,0.087732258,0.034300482
Women,1960,1/1/1960,0.085941741,0.075019975,0.114628113,0.288222222,0.288222222,,0.079577078,0.127277399,0.099211314,0.111162567,0.125385526,0.07508184,0.077119525,0.05816801,0.066751442,0.111279127,0.053045074,0.129191892,0.059351969,0.053008326,0.071230377,0.248391762,0.248391762,,0.05829575,0.069129949,0.057321853,0.087201915,0.085329406,0.054695587,0.050705705,0.035113078,0.040178568,0.08579661,0.04330663,0.065314644,0.070916498,0.060507363,0.099503071,0.284623935,0.284623935,,0.072435655,0.059207613,0.056195837,0.111058467,0.096415422,0.069548573,0.058089652,0.039578929,0.047618327,0.086384958,0.060816749,0.075429498,0.254388755,0.05053594,0.225115583,0.341564096,0.477584378,0.477584378,,0.044537401,0.062188115,0.224640167,0.224640167,,0.261984521,0.197854218,0.280627596,0.042394175,0.108201853,0.066217511,0.303794385,0.229608148,0.254781276,0.08080936,0.024851756,0.077975499,0.415518786,0.003509671,0.391773958,0.462488007,0.573595251,0.573595251,,0.004018088,0.001185838,0.001968465,0.001968465,,0.452277222,0.374556172,0.427307194,0.013075592,0.000449884,0.000256439
Women,1970,1/1/1970,0.099978359,0.083079023,0.125159436,0.270009963,0.270009963,,0.089383741,0.166867948,0.112692276,0.123677902,0.137650938,0.090932766,0.088678299,0.078337875,0.096900667,0.151991857,0.066460759,0.113617615,0.056618307,0.051548395,0.057320646,0.185854561,0.185854561,,0.051955888,0.087500481,0.069010157,0.076294686,0.079695341,0.051786836,0.049271605,0.039596067,0.048067861,0.097513441,0.039935858,0.048675722,0.055022676,0.04951338,0.060738111,0.191569676,0.191569676,,0.053486476,0.067896547,0.057848794,0.081347114,0.077113548,0.05160635,0.04731498,0.036381514,0.039246619,0.086497194,0.043571944,0.045981046,0.211268564,0.066491948,0.175244,0.280577445,0.395650355,0.395650355,,0.056257224,0.075049108,0.224781692,0.224781692,,0.209223559,0.208187951,0.247219846,0.054772525,0.149438257,0.080659945,0.315629117,0.184931507,0.183041983,0.114280292,0.035759159,0.079792379,0.41398138,0.015201183,0.397159507,0.423209737,0.487603306,0.487603306,,0.018092929,0.006234189,0.004911591,0.004911591,,0.486902529,0.386326721,0.382992713,0.047126251,0.005124914,0.003840572
Women,1980,1/1/1980,0.161973332,0.122494185,0.189295852,0.295248005,0.295248005,,0.1414636,0.29672235,0.156979043,0.202545504,0.214126687,0.149178335,0.1371807,0.129771926,0.179852435,0.2735697,0.126944528,0.120090444,0.060850683,0.053063004,0.05936245,0.142684842,0.142684842,,0.049931653,0.128750505,0.075557847,0.072548741,0.091575526,0.054152239,0.05298086,0.037932655,0.058478293,0.116475049,0.048085918,0.030724393,0.046066827,0.040999639,0.045045045,0.132544335,0.132544335,,0.040705835,0.078861402,0.064248705,0.06523337,0.070552089,0.040501377,0.039453812,0.027587505,0.038523741,0.08178484,0.037808446,0.026859154,0.229921901,0.121383358,0.170376032,0.267115776,0.370893258,0.370893258,,0.098688312,0.1311708,0.244968209,0.244968209,,0.220042374,0.295733126,0.216645217,0.093707917,0.297373838,0.132018754,0.380018544,0.229245375,0.143715857,0.233153204,0.066154269,0.098654014,0.414249025,0.038973267,0.385418596,0.419607443,0.466796544,0.466796544,,0.046223196,0.029090513,0.01299561,0.01299561,,0.548892881,0.398501367,0.30596028,0.115629915,0.017400612,0.010136192
Women,1990,1/1/1990,0.244481433,0.211284735,0.229634404,0.331938744,0.329470101,0.340727738,0.205900738,0.464069348,0.240643873,0.295524225,0.310523653,0.227182714,0.217867397,0.194762327,0.263771362,0.379915605,0.206403227,0.185201432,0.097162709,0.089188315,0.081764022,0.13130476,0.119050542,0.15268904,0.078088949,0.216328505,0.110937572,0.113038149,0.130795628,0.089896738,0.08428739,0.072305069,0.106340099,0.176726794,0.084295121,0.043308422,0.054240036,0.049785374,0.042390254,0.085363822,0.064739757,0.115529772,0.044094672,0.114727902,0.073679841,0.066510566,0.080531446,0.049863444,0.045697387,0.037342401,0.054270738,0.097739846,0.047644016,0.023927952,0.284600639,0.207206445,0.222937817,0.268011912,0.392744029,0.395081018,0.383892125,0.203653733,0.184625027,0.251918097,0.240408617,0.289805953,0.261584635,0.435495085,0.278700739,0.14816418,0.486852873,0.219639968,0.463356933,0.283984413,0.199185816,0.345933635,0.122536577,0.164383587,0.493255763,0.083856348,0.472161127,0.475372288,0.529580059,0.531615116,0.522729242,0.1066564,0.073028913,0.025815504,0.026134257,0.024573328,0.618160841,0.498826072,0.378077438,0.229349099,0.039402368,0.024095011
Women,2000,1/1/2000,0.297561061,0.273794112,0.277418339,0.350606023,0.350280168,0.351536704,0.255643588,0.525104114,0.263657897,0.357007428,0.371033567,0.281795483,0.268438765,0.251525547,0.319104615,0.472569763,0.25896748,0.196697589,0.133990851,0.137683416,0.118424081,0.147907327,0.13929893,0.166730558,0.103563367,0.308174244,0.133271407,0.151965161,0.168592847,0.123949566,0.123451326,0.107443402,0.144535947,0.248283624,0.113752546,0.058679212,0.079621552,0.077674239,0.066262946,0.098271173,0.089121217,0.111350875,0.064102818,0.179478056,0.088852944,0.096141671,0.10746452,0.075293425,0.069136664,0.062319144,0.085098209,0.146308083,0.070737819,0.030549152,0.332377127,0.261590962,0.291931571,0.308385193,0.393871692,0.396731744,0.385139939,0.261617469,0.237406265,0.28954936,0.281973179,0.309313666,0.297631922,0.515851624,0.312841254,0.203476309,0.534491347,0.236079606,0.560187604,0.334121389,0.206953186,0.431092992,0.16671931,0.180493449,0.532432688,0.127180369,0.523237393,0.527077752,0.542124081,0.550768821,0.519428828,0.161440677,0.126738078,0.048958599,0.052013848,0.038919427,0.681255496,0.540823212,0.379184557,0.316253315,0.076837252,0.035578844
Women,2001,1/1/2001,0.306707465,0.289424176,0.288481948,0.346787733,0.348749389,0.341366505,0.26100751,0.54924717,0.279352082,0.361475673,0.38392709,0.289773547,0.277949469,0.259745394,0.32842014,0.48218633,0.277087473,0.190241607,0.136650095,0.140650045,0.12126835,0.148798025,0.139100498,0.170393797,0.103988289,0.317596603,0.135155442,0.149617043,0.163691453,0.129362784,0.128453655,0.11175699,0.145986122,0.25863005,0.119667384,0.048023418,0.082189108,0.079690663,0.0709931,0.09819193,0.091546337,0.108414232,0.064704499,0.192695132,0.090610806,0.093125324,0.105242181,0.074394397,0.074430332,0.064467212,0.09332673,0.156077187,0.074259891,0.02414598,0.353304943,0.255211566,0.325163052,0.328206135,0.405423931,0.411076754,0.388997873,0.260835143,0.235746831,0.2662841,0.260453389,0.281353046,0.309406444,0.555268305,0.331370964,0.202298627,0.540753318,0.241552184,0.571256508,0.358891887,0.219041593,0.434166899,0.170122525,0.143937774,0.532907435,0.146143063,0.528431199,0.531286856,0.536651865,0.547585653,0.508906211,0.18754747,0.146520304,0.053880717,0.059409739,0.036325735,0.680149551,0.556518721,0.363888911,0.348580465,0.092702396,0.040774073
Women,2002,1/1/2002,0.310739091,0.294082227,0.296704412,0.3447053,0.350206503,0.329906464,0.267541773,0.544823258,0.27701564,0.360498988,0.388883521,0.298744452,0.283551261,0.240519511,0.334781264,0.489172024,0.279287659,0.194505214,0.139651907,0.143518938,0.124775408,0.151139133,0.145175863,0.164272052,0.104618142,0.326933307,0.143533509,0.14854385,0.179610185,0.124315121,0.130643522,0.106267363,0.1551673,0.261987939,0.120594881,0.054674373,0.084953045,0.082085444,0.072405992,0.103005296,0.093066534,0.118144548,0.066638074,0.196301639,0.09880943,0.11175174,0.108332653,0.076743966,0.076668202,0.065455694,0.093404346,0.155013316,0.078927092,0.026878347,0.351202391,0.269134441,0.320699205,0.334579077,0.395253261,0.404481698,0.368925005,0.274508661,0.249911957,0.28060229,0.278874181,0.284926695,0.311611837,0.542380162,0.319798152,0.217890036,0.547738992,0.245265685,0.583342035,0.358662715,0.214275927,0.444728284,0.181839292,0.164132791,0.534838813,0.153140121,0.536948886,0.533827758,0.53421737,0.54652823,0.50294586,0.191148379,0.163471611,0.056534219,0.063251683,0.036757021,0.691894008,0.548788181,0.374478049,0.355790779,0.101326651,0.041603966
Women,2003,1/1/2003,0.317093375,0.305289125,0.294377956,0.35327173,0.357115979,0.343539533,0.271263084,0.557025171,0.290981839,0.396641854,0.39841122,0.30347778,0.284771844,0.262937853,0.339050612,0.502974814,0.287215906,0.190392892,0.141589251,0.150826194,0.125931762,0.146188329,0.138074363,0.163768064,0.107291719,0.336287273,0.135714711,0.151437741,0.176466599,0.129465404,0.134780552,0.104664742,0.153136136,0.270354744,0.122623027,0.050704643,0.089502822,0.088152253,0.079175009,0.102904175,0.097392465,0.11186943,0.070084963,0.221510486,0.091287431,0.10086458,0.120511532,0.084919809,0.080473437,0.065146537,0.094197334,0.168716894,0.080516832,0.028187319,0.359810163,0.272836219,0.34538718,0.325934657,0.404877208,0.410965942,0.38881574,0.274958697,0.256475991,0.286330638,0.285383648,0.288605955,0.316847481,0.551083031,0.351346596,0.21928263,0.564183872,0.247233561,0.590127225,0.375355884,0.212883015,0.463041258,0.17773832,0.154679594,0.545898828,0.155580608,0.548132725,0.53897235,0.54861965,0.558218406,0.525542862,0.198928469,0.158567549,0.062706703,0.068760932,0.04611842,0.697160325,0.565646909,0.375427315,0.370658945,0.103266281,0.036171814
Women,2004,1/1/2004,0.324482085,0.32148668,0.301515449,0.349911374,0.354617464,0.338263905,0.277179528,0.576915633,0.298135064,0.398896079,0.406701397,0.31119395,0.298414365,0.251539114,0.343888399,0.515922546,0.296704201,0.188011137,0.143622619,0.154408026,0.129264868,0.144708561,0.136014835,0.163516463,0.107829901,0.331760266,0.150155211,0.159847139,0.178543106,0.129938832,0.134858873,0.114094332,0.156972509,0.277553988,0.12117623,0.048852895,0.093835642,0.09525795,0.081963207,0.104911959,0.097241715,0.117372456,0.073335449,0.21984547,0.101621304,0.106557392,0.128414239,0.087487984,0.083659731,0.072487327,0.099290599,0.178300158,0.084118067,0.027211206,0.364151221,0.283997224,0.346570229,0.340065556,0.401060114,0.410389762,0.376491863,0.303280291,0.255691957,0.284622769,0.28050729,0.294054719,0.321478706,0.569773198,0.344957241,0.227984138,0.585183027,0.261807942,0.602891193,0.384457737,0.206819506,0.4769869,0.189875829,0.158149932,0.554492343,0.162927477,0.56758385,0.552079174,0.548791523,0.56524768,0.511322274,0.218685327,0.160362741,0.061583086,0.066898492,0.046653581,0.722443276,0.571401696,0.374178563,0.381011915,0.109908568,0.038241648
Women,2005,1/1/2005,0.335691775,0.334629164,0.315064192,0.356678564,0.362495342,0.342217712,0.289872074,0.581861699,0.306704618,0.406123819,0.419251898,0.317244482,0.309910152,0.293857071,0.351096096,0.529956865,0.306078426,0.197992684,0.149016512,0.160968397,0.135717257,0.147526256,0.139585118,0.163560734,0.115065431,0.339056464,0.146866317,0.172024699,0.187155617,0.134515319,0.138062615,0.125281372,0.162007175,0.283481009,0.12997167,0.048913104,0.097715996,0.098308305,0.084964913,0.111244611,0.103627447,0.123876363,0.075387201,0.235081261,0.102297468,0.103673542,0.124036492,0.0927822,0.090648857,0.076312489,0.10402128,0.187038128,0.087826526,0.028153928,0.379886369,0.291385135,0.367749164,0.353685702,0.413754479,0.423600258,0.38789823,0.311825299,0.269466385,0.282526191,0.280214127,0.287888964,0.337337774,0.579595487,0.366848944,0.236829246,0.584349071,0.263837685,0.620986661,0.398449996,0.221710424,0.490641989,0.193683594,0.16173233,0.564723791,0.168424001,0.578911498,0.562429885,0.557736992,0.573600822,0.520896451,0.222868105,0.171352168,0.061121174,0.066935955,0.045081762,0.715931856,0.581582554,0.391673199,0.399884758,0.11230945,0.038352176
Women,2006,1/1/2006,0.36221284,0.364007036,0.343571619,0.378247901,0.387660293,0.355282528,0.315571754,0.61537291,0.329933144,0.426571784,0.449492702,0.345796548,0.333541296,0.314941944,0.383993079,0.54543904,0.327685547,0.247916824,0.165491195,0.184254031,0.147119414,0.160481404,0.155200883,0.171168179,0.125769132,0.373529833,0.160899939,0.181274798,0.20729159,0.152345065,0.153627777,0.139522104,0.179066538,0.300371167,0.143648683,0.07427808,0.106485372,0.114041082,0.087835783,0.116169175,0.110771919,0.125567498,0.082111739,0.251556421,0.116333446,0.115253899,0.138032938,0.098614381,0.09946287,0.088771988,0.110084849,0.195255217,0.09220497,0.046036028,0.402046351,0.321347074,0.393716008,0.380153481,0.428822118,0.442202705,0.394050443,0.34297951,0.300255239,0.309506495,0.310283207,0.307762535,0.360200825,0.603424093,0.386792587,0.264335465,0.627972085,0.286706656,0.628088835,0.412893243,0.259840792,0.506713305,0.220621123,0.23054901,0.589628013,0.180332294,0.604397172,0.597336936,0.575285402,0.592370338,0.535332555,0.234823424,0.184560845,0.070865084,0.078293831,0.051468249,0.72777744,0.596606668,0.455759803,0.408002588,0.125309723,0.049043127
Women,2007,1/1/2007,0.374903215,0.377144896,0.359984176,0.386564895,0.397401245,0.36080972,0.32624501,0.630465761,0.351605979,0.437709187,0.458211718,0.35725802,0.351201721,0.317044099,0.396513591,0.565549881,0.337782196,0.25503629,0.168570308,0.190258986,0.153956144,0.156836967,0.151633678,0.166941054,0.128420149,0.375660808,0.16926214,0.192915295,0.20369169,0.15507129,0.158418087,0.14673263,0.180844913,0.304089092,0.146721113,0.076284472,0.109097038,0.115277771,0.095754588,0.114811502,0.107217162,0.128141856,0.085292505,0.254129091,0.11017293,0.120511943,0.142259541,0.097772667,0.10071254,0.091799537,0.118678825,0.201410065,0.09402482,0.045188615,0.414707674,0.333313155,0.406993117,0.396631915,0.436802809,0.451092874,0.401565821,0.355815362,0.316027188,0.316709638,0.320783771,0.307501289,0.367102433,0.626107162,0.412249827,0.279008205,0.635360986,0.303430367,0.646168323,0.424894599,0.263567448,0.524876888,0.228019994,0.24240907,0.603887538,0.187513747,0.630955833,0.60551731,0.58567175,0.604374798,0.543081689,0.238535328,0.199941998,0.07690626,0.085817282,0.054234776,0.747293034,0.607631707,0.467079784,0.422651551,0.131104255,0.049165452
Women,2008,1/1/2008,0.385952583,0.391480371,0.372701352,0.393871937,0.40266388,0.372965075,0.337421391,0.640570548,0.364283119,0.454557599,0.470651842,0.368698587,0.358902969,0.334550938,0.409458372,0.578339676,0.351756158,0.261436364,0.172318739,0.19717716,0.158202708,0.1594589,0.152035745,0.173429161,0.130234104,0.381746258,0.176036211,0.183720441,0.215206505,0.157399302,0.158929375,0.151713163,0.191349023,0.307310928,0.153590805,0.074691616,0.115080004,0.126295721,0.099781309,0.117618119,0.112088776,0.127661293,0.087813463,0.271158756,0.123983732,0.119918859,0.144854285,0.107439716,0.107062439,0.094120548,0.125209906,0.213679373,0.098568654,0.049434747,0.419433741,0.339411346,0.418268463,0.402617469,0.435656256,0.449512829,0.402765212,0.369188381,0.325432207,0.305764975,0.304041181,0.309879698,0.373476758,0.631986982,0.411421596,0.281720883,0.653795903,0.316966572,0.659410727,0.430467338,0.2599725,0.52769699,0.2138927,0.264397782,0.616577506,0.195409101,0.638714175,0.620394573,0.600940893,0.61801179,0.562455155,0.253746672,0.211605635,0.074260326,0.08344015,0.050501939,0.749240635,0.625404315,0.480778188,0.442283653,0.138982554,0.049257644
Women,2009,1/1/2009,0.408652428,0.413165921,0.396836406,0.415711468,0.430242776,0.382488666,0.361925421,0.652274872,0.386926624,0.479090626,0.493496694,0.397263834,0.376692695,0.356252051,0.434198041,0.595320933,0.374930146,0.280021868,0.177052916,0.207803319,0.164784926,0.156284449,0.149941719,0.167793187,0.131627076,0.39670944,0.187362012,0.187951621,0.221274383,0.161853153,0.16396014,0.154631034,0.196007974,0.319342097,0.154272609,0.079582815,0.116989541,0.12674908,0.103044155,0.119966555,0.114352548,0.130035641,0.08916076,0.280180088,0.127394492,0.122716912,0.148498128,0.110581457,0.10829673,0.098573857,0.12385685,0.21421595,0.10145159,0.050686065,0.440979918,0.365040723,0.439988367,0.427660286,0.452643475,0.472785161,0.406836243,0.392049543,0.351661062,0.337895311,0.341051952,0.330597303,0.399399043,0.639064608,0.433281389,0.305497101,0.670531315,0.340052227,0.680758982,0.453491376,0.276396172,0.544895267,0.23845835,0.287271701,0.631795529,0.207878225,0.658255732,0.638982664,0.613148866,0.63380114,0.567154371,0.270406233,0.227933713,0.079475311,0.090999733,0.051905789,0.767618955,0.639631844,0.491697659,0.452531278,0.145973624,0.055315508
Women,2010,1/1/2010,0.415483641,0.422182571,0.404677671,0.419556583,0.431679208,0.392497703,0.368710194,0.656936376,0.394008298,0.493099007,0.500661232,0.396128285,0.391343449,0.349059265,0.436425289,0.596789046,0.387451782,0.284593722,0.180863551,0.215700932,0.167660066,0.157419357,0.151904899,0.167084003,0.131820653,0.396169031,0.195632591,0.194788801,0.22087409,0.165399681,0.170018253,0.166667606,0.19452928,0.325793692,0.161647599,0.074326006,0.12122715,0.131722713,0.110226509,0.119638735,0.113771474,0.130698947,0.09207637,0.28093349,0.130510341,0.132977942,0.151060799,0.113692303,0.111642573,0.102613752,0.13185101,0.221616958,0.106574597,0.050129519,0.443722302,0.378806995,0.445577262,0.432188325,0.452095168,0.471932562,0.40873356,0.404612271,0.365946619,0.353565907,0.351629097,0.358078934,0.401190788,0.647410823,0.43108889,0.320260025,0.669134146,0.358096645,0.676527631,0.46563444,0.277767408,0.554743589,0.25555031,0.298191104,0.635773325,0.214868564,0.663256547,0.643009542,0.616696012,0.634500073,0.57812806,0.279993419,0.236494969,0.081957582,0.092991543,0.056011584,0.770485826,0.645333773,0.49645011,0.453583474,0.158754323,0.059265415
Women,2011,1/1/2011,0.42976824,0.440610481,0.419247913,0.430147855,0.44697472,0.392978255,0.380510191,0.667418811,0.419577043,0.486346215,0.517437299,0.410367191,0.407934223,0.367713002,0.446762046,0.61053745,0.400492284,0.30179054,0.186949571,0.224859777,0.17581982,0.159646887,0.159078077,0.160615305,0.137177837,0.411593695,0.20060635,0.194450887,0.223860887,0.175238339,0.178698183,0.155630734,0.201611615,0.332184476,0.168005919,0.076157694,0.123517902,0.136156497,0.111333162,0.120367516,0.113858069,0.132499004,0.092438509,0.291275156,0.134169197,0.129914411,0.152509723,0.113016212,0.11651416,0.111325156,0.131924089,0.224917824,0.109107155,0.050001749,0.460672516,0.390631832,0.467053665,0.448067325,0.467156455,0.490512481,0.416508446,0.421438211,0.381430402,0.354502668,0.359530275,0.342964992,0.416129063,0.655013729,0.463181225,0.32875023,0.682686143,0.378821765,0.70125318,0.48119475,0.297316956,0.564174389,0.269039495,0.310684708,0.65100587,0.223390805,0.679292532,0.658615218,0.631287784,0.655448293,0.579541099,0.293440899,0.245839749,0.088372083,0.101840339,0.056992568,0.777320796,0.657642151,0.524467704,0.468730556,0.167411672,0.060071226
Women,2012,1/1/2012,0.440721631,0.454515578,0.431413657,0.437858511,0.455789615,0.398928354,0.392047866,0.682058852,0.426991047,0.51095139,0.519941487,0.420973233,0.415045717,0.381232611,0.468826719,0.625862229,0.413374085,0.309432134,0.189073032,0.228394069,0.181895459,0.158805105,0.157043072,0.161760579,0.140384163,0.410198594,0.200634821,0.202594372,0.230141106,0.176349264,0.17975042,0.163075712,0.20068468,0.340476393,0.169005819,0.07774441,0.123311713,0.138709506,0.110359765,0.117707458,0.111115749,0.129732757,0.091978231,0.288031143,0.135259834,0.129880018,0.152059808,0.112679381,0.115661429,0.106590746,0.135543413,0.224347053,0.110097677,0.048651802,0.466745309,0.406573754,0.467839161,0.460571819,0.470949878,0.496074253,0.417221436,0.444815321,0.392068252,0.366908232,0.370702405,0.358396675,0.423413853,0.666907472,0.463803149,0.344197487,0.70109891,0.391264465,0.703986855,0.489380847,0.30060241,0.584546844,0.2844392,0.327117295,0.658034405,0.228206894,0.697494839,0.662269302,0.635416506,0.658760611,0.585636169,0.29822998,0.25669287,0.090094618,0.10404482,0.058825536,0.784642438,0.666423311,0.529910106,0.485487619,0.170726887,0.061303836
